ATP,Location,Tournament,Date,Series,Court,Surface,Round,Best of,Winner,Loser,WRank,LRank,WPts,LPts,W1,L1,W2,L2,W3,L3,W4,L4,W5,L5,Wsets,Lsets,Comment,B365W,B365L,PSW,PSL,MaxW,MaxL,AvgW,AvgL
1,Brisbane,Brisbane International,2024-12-29,ATP250,Outdoor,Hard,1st Round,3,Vukic A.,Goffin D.,68,52.0,778,1037.0,6.0,2.0,6.0,3.0,,,,,,,2.0,0.0,Completed,2.0,1.8,2.08,1.83,2.14,1.83,2.03,1.78
1,Brisbane,Brisbane International,2024-12-30,ATP250,Outdoor,Hard,1st Round,3,Michelsen A.,O Connell C.,41,64.0,1245,795.0,6.0,4.0,4.0,6.0,7.0,6.0,,,,,2.0,1.0,Completed,1.44,2.75,1.48,2.85,1.48,2.9,1.43,2.74
1,Brisbane,Brisbane International,2024-12-30,ATP250,Outdoor,Hard,1st Round,3,Bonzi B.,Tabilo A.,75,23.0,730,1943.0,6.0,7.0,7.0,6.0,6.0,4.0,,,,,2.0,1.0,Completed,1.67,2.2,1.73,2.22,1.73,2.25,1.67,2.18
1,Brisbane,Brisbane International,2024-12-30,ATP250,Outdoor,Hard,1st Round,3,Nishioka Y.,Rinderknech A.,69,59.0,776,927.0,6.0,3.0,6.0,4.0,,,,,,,2.0,0.0,Completed,1.53,2.5,1.64,2.39,1.65,2.5,1.59,2.36
1,Brisbane,Brisbane International,2024-12-30,ATP250,Outdoor,Hard,1st Round,3,Thompson J.,Berrettini M.,26,34.0,1745,1380.0,3.0,6.0,6.0,3.0,6.0,4.0,,,,,2.0,1.0,Completed,2.63,1.5,2.47,1.6,2.63,1.6,2.48,1.54
1,Brisbane,Brisbane International,2024-12-30,ATP250,Outdoor,Hard,1st Round,3,Jarry N.,Navone M.,35,47.0,1370,1148.0,7.0,5.0,7.0,6.0,,,,,,,2.0,0.0,Completed,1.36,3.2,1.4,3.16,1.4,3.3,1.36,3.13
1,Brisbane,Brisbane International,2024-12-30,ATP250,Outdoor,Hard,1st Round,3,Dimitrov G.,Hanfmann Y.,10,96.0,3350,627.0,7.0,6.0,6.0,3.0,,,,,,,2.0,0.0,Completed,1.14,5.5,1.15,6.43,1.17,6.43,1.14,5.58
1,Brisbane,Brisbane International,2024-12-30,ATP250,Outdoor,Hard,1st Round,3,Lehecka J.,Rune H.,28,13.0,1660,3025.0,7.0,5.0,6.0,3.0,,,,,,,2.0,0.0,Completed,2.5,1.53,2.55,1.57,2.55,1.57,2.44,1.54
1,Brisbane,Brisbane International,2024-12-31,ATP250,Outdoor,Hard,1st Round,3,Opelka R.,Gomez F.,293,137.0,176,442.0,7.0,5.0,6.0,4.0,,,,,,,2.0,0.0,Completed,1.5,2.63,1.54,2.62,1.54,2.75,1.5,2.57
1,Brisbane,Brisbane International,2024-12-31,ATP250,Outdoor,Hard,1st Round,3,Arnaldi M.,Popyrin A.,37,24.0,1345,1865.0,6.0,3.0,6.0,2.0,,,,,,,2.0,0.0,Completed,2.5,1.53,2.46,1.61,2.51,1.61,2.41,1.56
1,Brisbane,Brisbane International,2024-12-31,ATP250,Outdoor,Hard,1st Round,3,Tiafoe F.,Walton A.,18,93.0,2585,636.0,7.0,6.0,6.0,3.0,,,,,,,2.0,0.0,Completed,1.22,4.33,1.29,3.93,1.29,4.33,1.24,3.93
1,Brisbane,Brisbane International,2024-12-31,ATP250,Outdoor,Hard,1st Round,3,Mensik J.,Kukushkin M.,48,113.0,1136,542.0,7.0,6.0,6.0,4.0,,,,,,,2.0,0.0,Completed,1.29,3.75,1.31,3.77,1.33,3.77,1.29,3.54
1,Brisbane,Brisbane International,2024-12-31,ATP250,Outdoor,Hard,1st Round,3,Lajovic D.,Cazaux A.,81,63.0,710,807.0,6.0,4.0,6.0,4.0,,,,,,,2.0,0.0,Completed,,,,,1.27,3.7,1.27,3.7
1,Brisbane,Brisbane International,2024-12-31,ATP250,Outdoor,Hard,1st Round,3,Mpetshi G.,Kyrgios N.,31,,1561,,7.0,6.0,6.0,7.0,7.0,6.0,,,,,2.0,1.0,Completed,1.91,1.91,1.96,1.93,2.0,1.97,1.89,1.89
1,Brisbane,Brisbane International,2024-12-31,ATP250,Outdoor,Hard,1st Round,3,Monfils G.,Basavareddy N.,55,138.0,1005,440.0,6.0,4.0,4.0,6.0,6.0,1.0,,,,,2.0,1.0,Completed,1.62,2.3,1.72,2.23,1.74,2.3,1.67,2.16
1,Brisbane,Brisbane International,2024-12-31,ATP250,Outdoor,Hard,1st Round,3,Djokovic N.,Hijikata R.,7,73.0,3910,746.0,6.0,3.0,6.0,3.0,,,,,,,2.0,0.0,Completed,1.04,13.0,1.05,13.89,1.06,13.89,1.04,10.93
1,Brisbane,Brisbane International,2025-01-01,ATP250,Outdoor,Hard,2nd Round,3,Lehecka J.,Nishioka Y.,28,69.0,1660,776.0,6.0,2.0,6.0,7.0,6.0,4.0,,,,,2.0,1.0,Completed,1.36,3.2,1.44,3.01,1.44,3.2,1.4,2.92
1,Brisbane,Brisbane International,2025-01-01,ATP250,Outdoor,Hard,2nd Round,3,Jarry N.,Bonzi B.,35,75.0,1370,730.0,6.0,2.0,6.0,3.0,,,,,,,2.0,0.0,Completed,2.63,1.5,2.61,1.56,2.63,1.57,2.52,1.52
1,Brisbane,Brisbane International,2025-01-01,ATP250,Outdoor,Hard,2nd Round,3,Dimitrov G.,Vukic A.,10,68.0,3350,778.0,6.0,2.0,7.0,6.0,,,,,,,2.0,0.0,Completed,1.2,4.5,1.21,5.06,1.22,5.06,1.2,4.42
1,Brisbane,Brisbane International,2025-01-01,ATP250,Outdoor,Hard,2nd Round,3,Thompson J.,Michelsen A.,26,41.0,1745,1245.0,7.0,5.0,6.0,3.0,,,,,,,2.0,0.0,Completed,1.67,2.2,1.8,2.13,1.8,2.33,1.68,2.16
1,Brisbane,Brisbane International,2025-01-02,ATP250,Outdoor,Hard,2nd Round,3,Mensik J.,Lajovic D.,48,81.0,1136,710.0,6.0,3.0,6.0,2.0,,,,,,,2.0,0.0,Completed,1.25,4.0,1.28,4.15,1.28,4.15,1.25,3.87
1,Brisbane,Brisbane International,2025-01-02,ATP250,Outdoor,Hard,2nd Round,3,Opelka R.,Arnaldi M.,293,37.0,176,1345.0,7.0,6.0,7.0,6.0,,,,,,,2.0,0.0,Completed,2.5,1.53,2.55,1.58,2.67,1.62,2.46,1.54
1,Brisbane,Brisbane International,2025-01-02,ATP250,Outdoor,Hard,2nd Round,3,Mpetshi G.,Tiafoe F.,31,18.0,1561,2585.0,6.0,4.0,7.0,6.0,,,,,,,2.0,0.0,Completed,2.0,1.8,2.2,1.76,2.2,1.8,2.11,1.72
1,Brisbane,Brisbane International,2025-01-02,ATP250,Outdoor,Hard,2nd Round,3,Djokovic N.,Monfils G.,7,55.0,3910,1005.0,6.0,3.0,6.0,3.0,,,,,,,2.0,0.0,Completed,1.06,10.0,1.09,9.51,1.09,10.0,1.07,8.22
1,Brisbane,Brisbane International,2025-01-03,ATP250,Outdoor,Hard,Quarterfinals,3,Lehecka J.,Jarry N.,28,35.0,1660,1370.0,6.0,4.0,6.0,4.0,,,,,,,2.0,0.0,Completed,1.36,3.2,1.44,3.03,1.44,3.2,1.39,3.0
1,Brisbane,Brisbane International,2025-01-03,ATP250,Outdoor,Hard,Quarterfinals,3,Dimitrov G.,Thompson J.,10,26.0,3350,1745.0,6.0,1.0,2.0,1.0,,,,,,,1.0,0.0,Retired,1.3,3.5,1.36,3.49,1.36,3.53,1.33,3.3
1,Brisbane,Brisbane International,2025-01-03,ATP250,Outdoor,Hard,Quarterfinals,3,Mpetshi G.,Mensik J.,31,48.0,1561,1136.0,7.0,5.0,7.0,6.0,,,,,,,2.0,0.0,Completed,1.73,2.1,1.88,2.03,1.88,2.18,1.78,2.02
1,Brisbane,Brisbane International,2025-01-03,ATP250,Outdoor,Hard,Quarterfinals,3,Opelka R.,Djokovic N.,293,7.0,176,3910.0,7.0,6.0,6.0,3.0,,,,,,,2.0,0.0,Completed,11.0,1.05,12.64,1.06,12.64,1.06,9.96,1.05
1,Brisbane,Brisbane International,2025-01-04,ATP250,Outdoor,Hard,Semifinals,3,Lehecka J.,Dimitrov G.,28,10.0,1660,3350.0,6.0,4.0,4.0,4.0,,,,,,,1.0,0.0,Retired,2.63,1.5,2.62,1.56,2.63,1.57,2.52,1.52
1,Brisbane,Brisbane International,2025-01-04,ATP250,Outdoor,Hard,Semifinals,3,Opelka R.,Mpetshi G.,293,31.0,176,1561.0,6.0,3.0,7.0,6.0,,,,,,,2.0,0.0,Completed,2.2,1.67,2.3,1.69,2.4,1.7,2.21,1.65
1,Brisbane,Brisbane International,2025-01-05,ATP250,Outdoor,Hard,The Final,3,Lehecka J.,Opelka R.,28,293.0,1660,176.0,4.0,1.0,,,,,,,,,0.0,0.0,Retired,1.67,2.2,1.72,2.25,1.8,2.25,1.69,2.16
2,Hong Kong,Hong Kong Tennis Open,2024-12-30,ATP250,Outdoor,Hard,1st Round,3,Kecmanovic M.,Darderi L.,54,44.0,1021,1198.0,6.0,3.0,6.0,3.0,,,,,,,2.0,0.0,Completed,1.3,3.5,1.37,3.36,1.37,3.53,1.32,3.27
2,Hong Kong,Hong Kong Tennis Open,2024-12-30,ATP250,Outdoor,Hard,1st Round,3,Marozsan F.,Safiullin R.,58,60.0,935,923.0,6.0,1.0,7.0,6.0,,,,,,,2.0,0.0,Completed,2.63,1.5,2.44,1.61,2.63,1.61,2.54,1.53
2,Hong Kong,Hong Kong Tennis Open,2024-12-30,ATP250,Outdoor,Hard,1st Round,3,Sonego L.,Nakashima B.,53,38.0,1026,1335.0,7.0,6.0,6.0,3.0,,,,,,,2.0,0.0,Completed,2.38,1.57,2.6,1.55,2.6,1.59,2.43,1.54
2,Hong Kong,Hong Kong Tennis Open,2024-12-30,ATP250,Outdoor,Hard,1st Round,3,Norrie C.,Tien L.,49,122.0,1119,493.0,6.0,3.0,7.0,5.0,,,,,,,2.0,0.0,Completed,1.67,2.2,1.68,2.31,1.74,2.32,1.63,2.22
2,Hong Kong,Hong Kong Tennis Open,2024-12-31,ATP250,Outdoor,Hard,1st Round,3,Bergs Z.,Moro Canas A.,71,169.0,768,345.0,6.0,4.0,6.0,4.0,,,,,,,2.0,0.0,Completed,1.44,2.75,1.48,2.82,1.51,2.82,1.46,2.66
2,Hong Kong,Hong Kong Tennis Open,2024-12-31,ATP250,Outdoor,Hard,1st Round,3,Muller A.,Huesler M.A.,67,159.0,778,376.0,2.0,6.0,6.0,4.0,6.0,3.0,,,,,2.0,1.0,Completed,2.2,1.67,2.43,1.62,2.43,1.68,2.25,1.62
2,Hong Kong,Hong Kong Tennis Open,2024-12-31,ATP250,Outdoor,Hard,1st Round,3,Borges N.,Bu Y.,36,65.0,1355,784.0,3.0,6.0,6.0,3.0,7.0,6.0,,,,,2.0,1.0,Completed,2.0,1.8,2.2,1.74,2.2,1.82,2.07,1.73
2,Hong Kong,Hong Kong Tennis Open,2024-12-31,ATP250,Outdoor,Hard,1st Round,3,Munar J.,Davidovich Fokina A.,62,61.0,832,845.0,4.0,6.0,6.0,3.0,6.0,3.0,,,,,2.0,1.0,Completed,3.2,1.36,3.47,1.35,3.47,1.4,3.12,1.35
2,Hong Kong,Hong Kong Tennis Open,2024-12-31,ATP250,Outdoor,Hard,1st Round,3,Martinez P.,Passaro F.,43,108.0,1205,570.0,6.0,4.0,6.0,4.0,,,,,,,2.0,0.0,Completed,1.8,2.0,1.92,1.97,1.95,2.02,1.83,1.95
2,Hong Kong,Hong Kong Tennis Open,2024-12-31,ATP250,Outdoor,Hard,1st Round,3,Nishikori K.,Shapovalov D.,106,56.0,578,981.0,6.0,2.0,6.0,3.0,,,,,,,2.0,0.0,Completed,2.5,1.53,2.37,1.65,2.51,1.65,2.39,1.56
2,Hong Kong,Hong Kong Tennis Open,2024-12-31,ATP250,Outdoor,Hard,1st Round,3,Diallo G.,Carballes Baena R.,87,57.0,643,981.0,4.0,6.0,7.0,6.0,7.0,5.0,,,,,2.0,1.0,Completed,1.4,3.0,1.43,3.02,1.45,3.02,1.41,2.86
2,Hong Kong,Hong Kong Tennis Open,2024-12-31,ATP250,Outdoor,Hard,1st Round,3,Shang J.,Wong C.,50,170.0,1115,340.0,7.0,6.0,6.0,4.0,,,,,,,2.0,0.0,Completed,1.3,3.5,1.33,3.62,1.33,3.62,1.3,3.43
2,Hong Kong,Hong Kong Tennis Open,2025-01-01,ATP250,Outdoor,Hard,2nd Round,3,Muller A.,Kecmanovic M.,67,54.0,778,1021.0,5.0,7.0,7.0,6.0,7.0,6.0,,,,,2.0,1.0,Completed,3.0,1.4,2.84,1.49,3.0,1.49,2.83,1.42
2,Hong Kong,Hong Kong Tennis Open,2025-01-01,ATP250,Outdoor,Hard,2nd Round,3,Norrie C.,Sonego L.,49,53.0,1119,1026.0,6.0,2.0,4.0,6.0,6.0,1.0,,,,,2.0,1.0,Completed,1.57,2.38,1.72,2.26,1.72,2.42,1.6,2.32
2,Hong Kong,Hong Kong Tennis Open,2025-01-01,ATP250,Outdoor,Hard,2nd Round,3,Fils A.,Bergs Z.,20,71.0,2355,768.0,7.0,6.0,6.0,4.0,,,,,,,2.0,0.0,Completed,1.44,2.75,1.5,2.8,1.5,2.85,1.45,2.71
2,Hong Kong,Hong Kong Tennis Open,2025-01-01,ATP250,Outdoor,Hard,2nd Round,3,Nishikori K.,Khachanov K.,106,19.0,578,2410.0,4.0,6.0,6.0,3.0,7.0,5.0,,,,,2.0,1.0,Completed,2.2,1.67,2.21,1.75,2.21,1.76,2.16,1.67
2,Hong Kong,Hong Kong Tennis Open,2025-01-02,ATP250,Outdoor,Hard,2nd Round,3,Munar J.,Borges N.,62,36.0,832,1355.0,6.0,3.0,7.0,5.0,,,,,,,2.0,0.0,Completed,2.5,1.53,2.59,1.56,2.62,1.61,2.44,1.54
2,Hong Kong,Hong Kong Tennis Open,2025-01-02,ATP250,Outdoor,Hard,2nd Round,3,Musetti L.,Diallo G.,17,87.0,2600,643.0,6.0,4.0,6.0,3.0,,,,,,,2.0,0.0,Completed,1.62,2.3,1.78,2.16,1.78,2.35,1.64,2.23
2,Hong Kong,Hong Kong Tennis Open,2025-01-02,ATP250,Outdoor,Hard,2nd Round,3,Shang J.,Martinez P.,50,43.0,1115,1205.0,6.0,3.0,6.0,1.0,,,,,,,2.0,0.0,Completed,1.3,3.5,1.33,3.7,1.36,3.7,1.31,3.4
2,Hong Kong,Hong Kong Tennis Open,2025-01-02,ATP250,Outdoor,Hard,2nd Round,3,Marozsan F.,Rublev A.,58,8.0,935,3760.0,7.0,5.0,3.0,6.0,6.0,3.0,,,,,2.0,1.0,Completed,4.0,1.25,3.97,1.29,4.1,1.29,3.81,1.26
2,Hong Kong,Hong Kong Tennis Open,2025-01-03,ATP250,Outdoor,Hard,Quarterfinals,3,Muller A.,Fils A.,67,20.0,778,2355.0,3.0,6.0,6.0,3.0,6.0,1.0,,,,,2.0,1.0,Completed,4.0,1.25,3.61,1.34,4.01,1.34,3.61,1.28
2,Hong Kong,Hong Kong Tennis Open,2025-01-03,ATP250,Outdoor,Hard,Quarterfinals,3,Munar J.,Musetti L.,62,17.0,832,2600.0,2.0,6.0,7.0,6.0,7.0,5.0,,,,,2.0,1.0,Completed,3.5,1.3,3.49,1.35,3.5,1.36,3.3,1.32
2,Hong Kong,Hong Kong Tennis Open,2025-01-03,ATP250,Outdoor,Hard,Quarterfinals,3,Shang J.,Marozsan F.,50,58.0,1115,935.0,1.0,6.0,6.0,3.0,6.0,4.0,,,,,2.0,1.0,Completed,1.62,2.3,1.58,2.55,1.62,2.55,1.57,2.35
2,Hong Kong,Hong Kong Tennis Open,2025-01-03,ATP250,Outdoor,Hard,Quarterfinals,3,Nishikori K.,Norrie C.,106,49.0,578,1119.0,6.0,3.0,3.0,6.0,6.0,2.0,,,,,2.0,1.0,Completed,1.73,2.1,1.73,2.24,1.73,2.25,1.7,2.13
2,Hong Kong,Hong Kong Tennis Open,2025-01-04,ATP250,Outdoor,Hard,Semifinals,3,Muller A.,Munar J.,67,62.0,778,832.0,7.0,6.0,6.0,4.0,,,,,,,2.0,0.0,Completed,2.0,1.8,2.08,1.84,2.1,1.84,1.99,1.79
2,Hong Kong,Hong Kong Tennis Open,2025-01-04,ATP250,Outdoor,Hard,Semifinals,3,Nishikori K.,Shang J.,106,50.0,578,1115.0,4.0,3.0,,,,,,,,,0.0,0.0,Retired,1.8,2.0,1.88,2.03,1.88,2.1,1.8,1.98
2,Hong Kong,Hong Kong Tennis Open,2025-01-05,ATP250,Outdoor,Hard,The Final,3,Muller A.,Nishikori K.,67,106.0,778,578.0,2.0,6.0,6.0,1.0,6.0,3.0,,,,,2.0,1.0,Completed,3.5,1.3,3.64,1.33,3.64,1.36,3.36,1.32
3,Adelaide,Adelaide International,2025-01-06,ATP250,Outdoor,Hard,1st Round,3,Shapovalov D.,Zhang Zh.,58,47.0,981,1140.0,6.0,3.0,6.0,4.0,,,,,,,2.0,0.0,Completed,1.62,2.3,1.66,2.35,1.67,2.35,1.61,2.29
3,Adelaide,Adelaide International,2025-01-06,ATP250,Outdoor,Hard,1st Round,3,Davidovich Fokina A.,Bautista Agut R.,68,51.0,775,1067.0,7.0,5.0,6.0,2.0,,,,,,,2.0,0.0,Completed,1.73,2.1,1.81,2.09,1.81,2.13,1.74,2.07
3,Adelaide,Adelaide International,2025-01-06,ATP250,Outdoor,Hard,1st Round,3,O Connell C.,Rinderknech A.,64,60.0,795,927.0,7.0,5.0,7.0,6.0,,,,,,,2.0,0.0,Completed,1.62,2.3,1.63,2.42,1.63,2.42,1.61,2.29
3,Adelaide,Adelaide International,2025-01-06,ATP250,Outdoor,Hard,1st Round,3,Kokkinakis T.,Nishioka Y.,77,63.0,716,807.0,6.0,3.0,3.0,6.0,6.0,3.0,,,,,2.0,1.0,Completed,1.57,2.38,1.68,2.3,1.7,2.4,1.62,2.27
3,Adelaide,Adelaide International,2025-01-07,ATP250,Outdoor,Hard,1st Round,3,Tu L.,Duckworth J.,179,94.0,323,624.0,6.0,1.0,7.0,5.0,,,,,,,2.0,0.0,Completed,2.2,1.67,2.25,1.71,2.28,1.71,2.18,1.67
3,Adelaide,Adelaide International,2025-01-07,ATP250,Outdoor,Hard,1st Round,3,Guinard M.,Safiullin R.,261,62.0,209,823.0,7.0,6.0,2.0,6.0,6.0,1.0,,,,,2.0,1.0,Completed,5.0,1.17,5.02,1.21,5.1,1.21,4.77,1.18
3,Adelaide,Adelaide International,2025-01-07,ATP250,Outdoor,Hard,1st Round,3,Giron M.,Vukic A.,45,67.0,1150,778.0,6.0,2.0,3.0,6.0,6.0,3.0,,,,,2.0,1.0,Completed,2.0,1.8,1.99,1.9,2.02,1.9,1.96,1.83
3,Adelaide,Adelaide International,2025-01-07,ATP250,Outdoor,Hard,1st Round,3,Kecmanovic M.,Bublik A.,55,33.0,1021,1420.0,6.0,4.0,6.0,2.0,,,,,,,2.0,0.0,Completed,1.62,2.3,1.67,2.33,1.73,2.41,1.62,2.28
3,Adelaide,Adelaide International,2025-01-07,ATP250,Outdoor,Hard,1st Round,3,Cazaux A.,Walton A.,80,91.0,707,636.0,7.0,5.0,6.0,1.0,,,,,,,2.0,0.0,Completed,1.57,2.38,1.68,2.3,1.68,2.4,1.6,2.31
3,Adelaide,Adelaide International,2025-01-07,ATP250,Outdoor,Hard,1st Round,3,Nakashima B.,Hanfmann Y.,37,98.0,1335,615.0,6.0,1.0,2.0,6.0,6.0,3.0,,,,,2.0,1.0,Completed,1.3,3.5,1.32,3.65,1.33,3.74,1.31,3.43
3,Adelaide,Adelaide International,2025-01-07,ATP250,Outdoor,Hard,1st Round,3,Hijikata R.,Goffin D.,79,53.0,712,1029.0,6.0,1.0,6.0,2.0,,,,,,,2.0,0.0,Completed,2.3,1.62,2.25,1.71,2.44,1.71,2.25,1.63
3,Adelaide,Adelaide International,2025-01-07,ATP250,Outdoor,Hard,1st Round,3,Etcheverry T.,Schoolkate T.,39,173.0,1315,336.0,7.0,6.0,6.0,3.0,,,,,,,2.0,0.0,Completed,1.3,3.5,1.38,3.26,1.38,3.5,1.32,3.35
3,Adelaide,Adelaide International,2025-01-08,ATP250,Outdoor,Hard,2nd Round,3,Auger-Aliassime F.,Cazaux A.,29,80.0,1680,707.0,1.0,6.0,6.0,4.0,7.0,5.0,,,,,2.0,1.0,Completed,1.44,2.75,1.52,2.72,1.54,2.78,1.48,2.61
3,Adelaide,Adelaide International,2025-01-08,ATP250,Outdoor,Hard,2nd Round,3,Giron M.,Shapovalov D.,45,58.0,1150,981.0,7.0,5.0,6.0,2.0,,,,,,,2.0,0.0,Completed,2.75,1.44,2.77,1.51,2.78,1.54,2.65,1.47
3,Adelaide,Adelaide International,2025-01-08,ATP250,Outdoor,Hard,2nd Round,3,Kecmanovic M.,O Connell C.,55,64.0,1021,795.0,7.0,6.0,6.0,2.0,,,,,,,2.0,0.0,Completed,1.91,1.91,1.89,2.02,1.91,2.02,1.84,1.94
3,Adelaide,Adelaide International,2025-01-08,ATP250,Outdoor,Hard,2nd Round,3,Hijikata R.,Nakashima B.,79,37.0,712,1335.0,6.0,2.0,3.0,6.0,7.0,6.0,,,,,2.0,1.0,Completed,3.0,1.4,3.18,1.41,3.2,1.41,2.99,1.38
3,Adelaide,Adelaide International,2025-01-08,ATP250,Outdoor,Hard,2nd Round,3,Bonzi B.,Tu L.,70,179.0,762,323.0,6.0,3.0,6.0,3.0,,,,,,,2.0,0.0,Completed,1.44,2.75,1.5,2.8,1.5,2.8,1.46,2.68
3,Adelaide,Adelaide International,2025-01-08,ATP250,Outdoor,Hard,2nd Round,3,Korda S.,Davidovich Fokina A.,22,68.0,1985,775.0,6.0,3.0,6.0,3.0,,,,,,,2.0,0.0,Completed,2.2,1.67,2.26,1.71,2.26,1.71,2.17,1.67
3,Adelaide,Adelaide International,2025-01-08,ATP250,Outdoor,Hard,2nd Round,3,Paul T.,Guinard M.,12,261.0,3145,209.0,6.0,4.0,3.0,6.0,6.0,3.0,,,,,2.0,1.0,Completed,1.07,9.0,1.08,10.77,1.09,10.77,1.07,8.42
3,Adelaide,Adelaide International,2025-01-08,ATP250,Outdoor,Hard,2nd Round,3,Kokkinakis T.,Etcheverry T.,77,39.0,716,1315.0,7.0,5.0,4.0,6.0,7.0,6.0,,,,,2.0,1.0,Completed,1.57,2.38,1.61,2.48,1.62,2.48,1.57,2.37
3,Adelaide,Adelaide International,2025-01-09,ATP250,Outdoor,Hard,Quarterfinals,3,Paul T.,Hijikata R.,12,79.0,3145,712.0,6.0,3.0,6.0,4.0,,,,,,,2.0,0.0,Completed,1.3,3.5,1.28,4.07,1.3,4.07,1.27,3.65
3,Adelaide,Adelaide International,2025-01-09,ATP250,Outdoor,Hard,Quarterfinals,3,Auger-Aliassime F.,Giron M.,29,45.0,1680,1150.0,7.0,6.0,6.0,3.0,,,,,,,2.0,0.0,Completed,1.62,2.3,1.66,2.37,1.66,2.37,1.61,2.27
3,Adelaide,Adelaide International,2025-01-09,ATP250,Outdoor,Hard,Quarterfinals,3,Kecmanovic M.,Bonzi B.,55,70.0,1021,762.0,6.0,2.0,6.0,3.0,,,,,,,2.0,0.0,Completed,1.62,2.3,1.63,2.44,1.67,2.44,1.63,2.26
3,Adelaide,Adelaide International,2025-01-09,ATP250,Outdoor,Hard,Quarterfinals,3,Korda S.,Kokkinakis T.,22,77.0,1985,716.0,,,,,,,,,,,,,Walkover,1.67,2.2,1.67,2.35,1.69,2.35,1.65,2.22
3,Adelaide,Adelaide International,2025-01-10,ATP250,Outdoor,Hard,Semifinals,3,Auger-Aliassime F.,Paul T.,29,12.0,1680,3145.0,7.0,6.0,3.0,6.0,6.0,4.0,,,,,2.0,1.0,Completed,2.2,1.67,2.27,1.71,2.3,1.71,2.2,1.66
3,Adelaide,Adelaide International,2025-01-10,ATP250,Outdoor,Hard,Semifinals,3,Korda S.,Kecmanovic M.,22,55.0,1985,1021.0,6.0,3.0,7.0,6.0,,,,,,,2.0,0.0,Completed,1.8,2.0,1.8,2.13,1.83,2.13,1.8,1.99
3,Adelaide,Adelaide International,2025-01-11,ATP250,Outdoor,Hard,The Final,3,Auger-Aliassime F.,Korda S.,29,22.0,1680,1985.0,6.0,3.0,3.0,6.0,6.0,1.0,,,,,2.0,1.0,Completed,2.1,1.73,2.19,1.76,2.19,1.76,2.1,1.72
4,Auckland,ASB Classic,2025-01-05,ATP250,Outdoor,Hard,1st Round,3,Borges N.,Darderi L.,36,44.0,1370,1198.0,5.0,7.0,6.0,3.0,7.0,5.0,,,,,2.0,1.0,Completed,1.36,3.2,1.4,3.15,1.47,3.2,1.39,2.96
4,Auckland,ASB Classic,2025-01-06,ATP250,Outdoor,Hard,1st Round,3,Carballes Baena R.,Altmaier D.,59,93.0,981,625.0,6.0,3.0,3.0,6.0,7.0,5.0,,,,,2.0,1.0,Completed,1.3,3.5,,,1.31,3.6,1.29,3.44
4,Auckland,ASB Classic,2025-01-06,ATP250,Outdoor,Hard,1st Round,3,Bergs Z.,Becroft I.,66,980.0,783,15.0,6.0,3.0,7.0,5.0,,,,,,,2.0,0.0,Completed,1.03,17.0,1.03,23.4,1.03,23.4,1.02,15.63
4,Auckland,ASB Classic,2025-01-06,ATP250,Outdoor,Hard,1st Round,3,Michelsen A.,Nagal S.,41,96.0,1245,622.0,6.0,7.0,6.0,4.0,6.0,2.0,,,,,2.0,1.0,Completed,1.17,5.0,1.24,4.53,1.24,5.17,1.18,4.7
4,Auckland,ASB Classic,2025-01-06,ATP250,Outdoor,Hard,1st Round,3,Navone M.,Mannarino A.,46,73.0,1148,744.0,7.0,6.0,6.0,7.0,6.0,1.0,,,,,2.0,1.0,Completed,2.63,1.5,2.5,1.59,2.72,1.59,2.53,1.51
4,Auckland,ASB Classic,2025-01-06,ATP250,Outdoor,Hard,1st Round,3,Nardi L.,Cobolli F.,90,32.0,637,1512.0,6.0,2.0,1.0,1.0,,,,,,,1.0,0.0,Retired,2.75,1.44,2.71,1.52,2.81,1.53,2.65,1.47
4,Auckland,ASB Classic,2025-01-06,ATP250,Outdoor,Hard,1st Round,3,Sonego L.,Diallo G.,54,87.0,1026,646.0,7.0,6.0,2.0,6.0,7.0,6.0,,,,,2.0,1.0,Completed,2.0,1.8,1.98,1.91,2.01,1.91,1.93,1.85
4,Auckland,ASB Classic,2025-01-06,ATP250,Outdoor,Hard,1st Round,3,Diaz Acosta F.,Norrie C.,78,48.0,714,1124.0,6.0,2.0,6.0,3.0,,,,,,,2.0,0.0,Completed,4.5,1.2,4.29,1.26,5.36,1.26,4.4,1.2
4,Auckland,ASB Classic,2025-01-07,ATP250,Outdoor,Hard,1st Round,3,Monfils G.,Martinez P.,52,43.0,1030,1220.0,1.0,6.0,7.0,6.0,6.0,3.0,,,,,2.0,1.0,Completed,1.25,4.0,1.28,3.99,1.29,4.01,1.27,3.72
4,Auckland,ASB Classic,2025-01-07,ATP250,Outdoor,Hard,1st Round,3,Struff J.L.,Bu Y.,42,65.0,1225,784.0,6.0,3.0,6.0,4.0,,,,,,,2.0,0.0,Completed,1.8,2.0,1.71,2.25,1.8,2.25,1.71,2.11
4,Auckland,ASB Classic,2025-01-07,ATP250,Outdoor,Hard,1st Round,3,Basavareddy N.,Comesana F.,133,85.0,453,661.0,6.0,2.0,6.0,2.0,,,,,,,2.0,0.0,Completed,1.22,4.33,1.28,4.03,1.28,4.36,1.22,4.12
4,Auckland,ASB Classic,2025-01-07,ATP250,Outdoor,Hard,1st Round,3,Mensik J.,Carreno Busta P.,49,184.0,1122,317.0,6.0,0.0,4.0,6.0,7.0,5.0,,,,,2.0,1.0,Completed,1.25,4.0,,,1.33,4.01,1.25,3.73
4,Auckland,ASB Classic,2025-01-07,ATP250,Outdoor,Hard,2nd Round,3,Basavareddy N.,Tabilo A.,133,23.0,453,1943.0,6.0,4.0,5.0,7.0,6.0,4.0,,,,,2.0,1.0,Completed,1.8,2.0,1.82,2.11,1.91,2.11,1.81,1.97
4,Auckland,ASB Classic,2025-01-07,ATP250,Outdoor,Hard,2nd Round,3,Bergs Z.,Nardi L.,66,90.0,783,637.0,6.0,1.0,6.0,4.0,,,,,,,2.0,0.0,Completed,1.62,2.3,1.65,2.4,1.72,2.42,1.63,2.24
4,Auckland,ASB Classic,2025-01-08,ATP250,Outdoor,Hard,2nd Round,3,Michelsen A.,Sonego L.,41,54.0,1245,1026.0,7.0,6.0,6.0,2.0,,,,,,,2.0,0.0,Completed,1.57,2.38,1.59,2.53,1.6,2.54,1.56,2.4
4,Auckland,ASB Classic,2025-01-08,ATP250,Outdoor,Hard,2nd Round,3,Diaz Acosta F.,Baez S.,78,28.0,714,1690.0,6.0,4.0,7.0,6.0,,,,,,,2.0,0.0,Completed,1.8,2.0,1.84,2.08,1.84,2.08,1.78,2.01
4,Auckland,ASB Classic,2025-01-08,ATP250,Outdoor,Hard,2nd Round,3,Carballes Baena R.,Cerundolo F.,59,31.0,981,1620.0,6.0,2.0,7.0,5.0,,,,,,,2.0,0.0,Completed,2.63,1.5,2.68,1.54,2.68,1.54,2.57,1.5
4,Auckland,ASB Classic,2025-01-08,ATP250,Outdoor,Hard,2nd Round,3,Monfils G.,Struff J.L.,52,42.0,1030,1225.0,6.0,1.0,7.0,6.0,,,,,,,2.0,0.0,Completed,2.2,1.67,2.21,1.75,2.21,1.75,2.11,1.71
4,Auckland,ASB Classic,2025-01-08,ATP250,Outdoor,Hard,2nd Round,3,Borges N.,Navone M.,36,46.0,1370,1148.0,4.0,6.0,7.0,5.0,6.0,4.0,,,,,2.0,1.0,Completed,1.4,3.0,1.47,2.89,1.41,2.95,1.41,2.95
4,Auckland,ASB Classic,2025-01-08,ATP250,Outdoor,Hard,2nd Round,3,Mensik J.,Shelton B.,49,21.0,1122,2330.0,7.0,6.0,4.0,6.0,7.0,5.0,,,,,2.0,1.0,Completed,2.1,1.73,2.22,1.75,2.22,1.75,2.14,1.7
4,Auckland,ASB Classic,2025-01-08,ATP250,Outdoor,Hard,Quarterfinals,3,Basavareddy N.,Michelsen A.,133,41.0,453,1245.0,2.0,6.0,6.0,2.0,6.0,4.0,,,,,2.0,1.0,Completed,2.5,1.53,2.63,1.55,2.63,1.7,2.41,1.55
4,Auckland,ASB Classic,2025-01-09,ATP250,Outdoor,Hard,Quarterfinals,3,Monfils G.,Diaz Acosta F.,52,78.0,1030,714.0,6.0,3.0,6.0,1.0,,,,,,,2.0,0.0,Completed,1.3,3.5,1.35,3.54,1.35,3.63,1.31,3.4
4,Auckland,ASB Classic,2025-01-09,ATP250,Outdoor,Hard,Quarterfinals,3,Bergs Z.,Carballes Baena R.,66,59.0,783,981.0,1.0,6.0,6.0,2.0,6.0,3.0,,,,,2.0,1.0,Completed,1.62,2.3,1.66,2.37,1.66,2.5,1.6,2.31
4,Auckland,ASB Classic,2025-01-09,ATP250,Outdoor,Hard,Quarterfinals,3,Borges N.,Mensik J.,36,49.0,1370,1122.0,6.0,7.0,6.0,2.0,7.0,6.0,,,,,2.0,1.0,Completed,2.75,1.44,2.93,1.47,2.93,1.47,2.78,1.42
4,Auckland,ASB Classic,2025-01-10,ATP250,Outdoor,Hard,Semifinals,3,Monfils G.,Basavareddy N.,52,133.0,1030,453.0,7.0,6.0,6.0,4.0,,,,,,,2.0,0.0,Completed,1.67,2.2,1.71,2.27,1.76,2.27,1.68,2.15
4,Auckland,ASB Classic,2025-01-10,ATP250,Outdoor,Hard,Semifinals,3,Bergs Z.,Borges N.,66,36.0,783,1370.0,6.0,2.0,3.0,6.0,7.0,5.0,,,,,2.0,1.0,Completed,1.91,1.91,1.92,1.99,2.03,1.99,1.9,1.89
4,Auckland,ASB Classic,2025-01-11,ATP250,Outdoor,Hard,The Final,3,Monfils G.,Bergs Z.,52,66.0,1030,783.0,6.0,3.0,6.0,4.0,,,,,,,2.0,0.0,Completed,1.53,2.5,1.62,2.45,1.62,2.5,1.57,2.37
5,Melbourne,Australian Open,2025-01-12,Grand Slam,Outdoor,Hard,1st Round,5,Gaston H.,Jasika O.,81,179.0,703,323.0,6.0,2.0,3.0,6.0,6.0,2.0,6.0,2.0,,,3.0,1.0,Completed,1.36,3.2,1.38,3.31,1.38,3.31,1.36,3.11
5,Melbourne,Australian Open,2025-01-12,Grand Slam,Outdoor,Hard,1st Round,5,Fils A.,Virtanen O.,21,93.0,2280,627.0,3.0,6.0,7.0,6.0,6.0,4.0,6.0,4.0,,,3.0,1.0,Completed,1.13,6.0,1.13,7.31,1.14,7.31,1.12,6.15
5,Melbourne,Australian Open,2025-01-12,Grand Slam,Outdoor,Hard,1st Round,5,Nishikori K.,Monteiro T.,76,105.0,743,566.0,4.0,6.0,6.0,7.0,7.0,5.0,6.0,2.0,6.0,3.0,3.0,2.0,Completed,1.2,4.5,1.22,4.82,1.25,4.82,1.21,4.41
5,Melbourne,Australian Open,2025-01-12,Grand Slam,Outdoor,Hard,1st Round,5,Ruud C.,Munar J.,6,62.0,4210,922.0,6.0,3.0,1.0,6.0,7.0,5.0,2.0,6.0,6.0,1.0,3.0,2.0,Completed,1.17,5.0,1.18,5.66,1.18,5.66,1.17,5.12
5,Melbourne,Australian Open,2025-01-12,Grand Slam,Outdoor,Hard,1st Round,5,Habib H.,Bu Y.,219,67.0,264,784.0,7.0,6.0,6.0,4.0,7.0,6.0,,,,,3.0,0.0,Completed,3.2,1.36,3.39,1.37,3.39,1.38,3.16,1.36
5,Melbourne,Australian Open,2025-01-12,Grand Slam,Outdoor,Hard,1st Round,5,Lehecka J.,Tu L.,29,168.0,1660,342.0,6.0,1.0,3.0,6.0,6.0,3.0,7.0,6.0,,,3.0,1.0,Completed,1.07,9.0,1.11,8.2,1.12,9.0,1.09,7.54
5,Melbourne,Australian Open,2025-01-12,Grand Slam,Outdoor,Hard,1st Round,5,Machac T.,Nagal S.,25,91.0,1805,635.0,6.0,3.0,6.0,1.0,7.0,5.0,,,,,3.0,0.0,Completed,1.04,13.0,1.06,12.67,1.07,13.0,1.05,10.52
5,Melbourne,Australian Open,2025-01-12,Grand Slam,Outdoor,Hard,1st Round,5,Martinez P.,Darderi L.,44,45.0,1220,1198.0,6.0,3.0,4.0,1.0,,,,,,,1.0,0.0,Retired,1.62,2.3,1.63,2.45,1.63,2.45,1.61,2.32
5,Melbourne,Australian Open,2025-01-12,Grand Slam,Outdoor,Hard,1st Round,5,Humbert U.,Gigante M.,14,145.0,2765,403.0,7.0,6.0,7.0,5.0,6.0,4.0,,,,,3.0,0.0,Completed,1.08,8.0,1.11,8.5,1.11,8.5,1.09,7.38
5,Melbourne,Australian Open,2025-01-12,Grand Slam,Outdoor,Hard,1st Round,5,Opelka R.,Onclin G.,170,239.0,341,242.0,3.0,6.0,7.0,6.0,6.0,3.0,6.0,2.0,,,3.0,1.0,Completed,1.29,3.75,1.33,3.68,1.33,3.75,1.29,3.59
5,Melbourne,Australian Open,2025-01-12,Grand Slam,Outdoor,Hard,1st Round,5,Halys Q.,Walton A.,74,90.0,756,636.0,4.0,6.0,4.0,6.0,6.0,4.0,7.0,6.0,7.0,5.0,3.0,2.0,Completed,2.0,1.8,2.01,1.9,2.01,1.91,1.94,1.87
5,Melbourne,Australian Open,2025-01-12,Grand Slam,Outdoor,Hard,1st Round,5,Zverev A.,Pouille L.,2,103.0,7635,575.0,6.0,4.0,6.0,4.0,6.0,4.0,,,,,3.0,0.0,Completed,1.02,19.0,1.03,20.73,1.04,20.73,1.02,14.24
5,Melbourne,Australian Open,2025-01-13,Grand Slam,Outdoor,Hard,1st Round,5,Tiafoe F.,Rinderknech A.,16,61.0,2560,927.0,7.0,6.0,6.0,3.0,4.0,6.0,6.0,7.0,6.0,3.0,3.0,2.0,Completed,1.25,4.0,1.27,4.18,1.3,4.18,1.27,3.8
5,Melbourne,Australian Open,2025-01-13,Grand Slam,Outdoor,Hard,1st Round,5,Carballes Baena R.,Tabilo A.,57,26.0,981,1705.0,1.0,6.0,6.0,2.0,6.0,3.0,7.0,6.0,,,3.0,1.0,Completed,2.63,1.5,2.79,1.5,2.79,1.53,2.61,1.5
5,Melbourne,Australian Open,2025-01-13,Grand Slam,Outdoor,Hard,1st Round,5,Mensik J.,Basilashvili N.,48,206.0,1162,273.0,6.0,1.0,6.0,7.0,6.0,3.0,6.0,3.0,,,3.0,1.0,Completed,1.17,5.0,1.16,6.32,1.18,6.32,1.16,5.16
5,Melbourne,Australian Open,2025-01-13,Grand Slam,Outdoor,Hard,1st Round,5,Michelsen A.,Tsitsipas S.,42,12.0,1270,3195.0,7.0,5.0,6.0,3.0,2.0,6.0,6.0,4.0,,,3.0,1.0,Completed,2.5,1.53,2.44,1.63,2.53,1.63,2.41,1.57
5,Melbourne,Australian Open,2025-01-13,Grand Slam,Outdoor,Hard,1st Round,5,Borges N.,Muller A.,33,58.0,1445,965.0,6.0,7.0,6.0,3.0,6.0,2.0,7.0,5.0,,,3.0,1.0,Completed,1.67,2.2,1.7,2.3,1.7,2.3,1.67,2.21
5,Melbourne,Australian Open,2025-01-13,Grand Slam,Outdoor,Hard,1st Round,5,Marozsan F.,Seyboth Wild T.,59,79.0,960,732.0,6.0,3.0,6.0,7.0,7.0,5.0,5.0,7.0,7.0,5.0,3.0,2.0,Completed,1.4,3.0,1.43,3.1,1.44,3.1,1.41,2.91
5,Melbourne,Australian Open,2025-01-13,Grand Slam,Outdoor,Hard,1st Round,5,Duckworth J.,Stricker D.,89,304.0,637,173.0,6.0,2.0,6.0,4.0,6.0,2.0,,,,,3.0,0.0,Completed,1.73,2.1,1.83,2.08,1.83,2.12,1.73,2.09
5,Melbourne,Australian Open,2025-01-13,Grand Slam,Outdoor,Hard,1st Round,5,Mccabe J.,Landaluce M.,258,142.0,216,414.0,6.0,4.0,6.0,3.0,6.0,4.0,,,,,3.0,0.0,Completed,3.5,1.3,3.92,1.3,3.92,1.32,3.56,1.3
5,Melbourne,Australian Open,2025-01-13,Grand Slam,Outdoor,Hard,1st Round,5,Sinner J.,Jarry N.,1,36.0,11830,1340.0,7.0,6.0,7.0,6.0,6.0,1.0,,,,,3.0,0.0,Completed,1.01,26.0,1.02,29.95,1.02,29.95,1.02,17.25
5,Melbourne,Australian Open,2025-01-13,Grand Slam,Outdoor,Hard,1st Round,5,Thompson J.,Koepfer D.,27,124.0,1695,485.0,7.0,6.0,6.0,4.0,4.0,6.0,6.0,3.0,,,3.0,1.0,Completed,1.36,3.2,1.39,3.26,1.42,3.26,1.37,3.09
5,Melbourne,Australian Open,2025-01-13,Grand Slam,Outdoor,Hard,1st Round,5,Schoolkate T.,Daniel T.,173,113.0,336,519.0,6.0,7.0,7.0,6.0,6.0,1.0,6.0,4.0,,,3.0,1.0,Completed,2.0,1.8,1.97,1.93,2.02,1.93,1.96,1.84
5,Melbourne,Australian Open,2025-01-13,Grand Slam,Outdoor,Hard,1st Round,5,Vukic A.,Dzumhur D.,68,82.0,778,679.0,6.0,7.0,6.0,0.0,3.0,6.0,6.0,3.0,6.0,4.0,3.0,2.0,Completed,1.29,3.75,1.34,3.56,1.34,3.75,1.3,3.51
5,Melbourne,Australian Open,2025-01-13,Grand Slam,Outdoor,Hard,1st Round,5,Draper J.,Navone M.,18,47.0,2530,1173.0,4.0,6.0,6.0,3.0,3.0,6.0,6.0,3.0,6.0,2.0,3.0,2.0,Completed,1.05,11.0,1.08,11.12,1.11,11.12,1.06,9.71
5,Melbourne,Australian Open,2025-01-13,Grand Slam,Outdoor,Hard,1st Round,5,Kokkinakis T.,Safiullin R.,71,63.0,766,823.0,3.0,6.0,6.0,3.0,6.0,3.0,7.0,6.0,,,3.0,1.0,Completed,1.57,2.38,1.65,2.4,1.67,2.4,1.6,2.33
5,Melbourne,Australian Open,2025-01-13,Grand Slam,Outdoor,Hard,1st Round,5,Cazaux A.,Baez S.,78,28.0,732,1690.0,6.0,3.0,5.0,7.0,3.0,6.0,6.0,0.0,6.0,3.0,3.0,2.0,Completed,1.4,3.0,1.42,3.13,1.42,3.13,1.4,2.96
5,Melbourne,Australian Open,2025-01-13,Grand Slam,Outdoor,Hard,1st Round,5,Nishioka Y.,Dougaz A.,65,231.0,807,254.0,3.0,6.0,6.0,4.0,7.0,6.0,6.0,3.0,,,3.0,1.0,Completed,1.14,5.5,1.18,5.67,1.18,5.67,1.16,5.18
5,Melbourne,Australian Open,2025-01-13,Grand Slam,Outdoor,Hard,1st Round,5,Korda S.,Klein L.,22,144.0,2065,405.0,6.0,3.0,0.0,6.0,6.0,3.0,7.0,6.0,,,3.0,1.0,Completed,1.33,3.4,1.36,3.47,1.36,3.47,1.34,3.24
5,Melbourne,Australian Open,2025-01-13,Grand Slam,Outdoor,Hard,1st Round,5,Faria J.,Kotov P.,125,97.0,481,612.0,6.0,1.0,6.0,1.0,7.0,5.0,,,,,3.0,0.0,Completed,2.38,1.57,2.4,1.65,2.4,1.65,2.33,1.6
5,Melbourne,Australian Open,2025-01-13,Grand Slam,Outdoor,Hard,1st Round,5,Auger-Aliassime F.,Struff J.L.,23,43.0,1905,1240.0,6.0,3.0,6.0,0.0,4.0,6.0,6.0,1.0,,,3.0,1.0,Completed,1.44,2.75,1.49,2.85,1.5,2.94,1.45,2.75
5,Melbourne,Australian Open,2025-01-13,Grand Slam,Outdoor,Hard,1st Round,5,Davidovich Fokina A.,Shang J.,66,50.0,790,1115.0,7.0,6.0,5.0,2.0,,,,,,,1.0,0.0,Retired,2.0,1.8,2.09,1.83,2.1,1.83,2.03,1.79
5,Melbourne,Australian Open,2025-01-13,Grand Slam,Outdoor,Hard,1st Round,5,Alcaraz C.,Shevchenko A.,3,77.0,7010,743.0,6.0,1.0,7.0,5.0,6.0,1.0,,,,,3.0,0.0,Completed,1.01,29.0,1.02,35.12,1.02,35.12,1.01,20.74
5,Melbourne,Australian Open,2025-01-13,Grand Slam,Outdoor,Hard,1st Round,5,Djokovic N.,Basavareddy N.,7,107.0,3900,566.0,4.0,6.0,6.0,3.0,6.0,4.0,6.0,2.0,,,3.0,1.0,Completed,1.04,13.0,1.05,14.3,1.07,14.3,1.04,11.02
5,Melbourne,Australian Open,2025-01-13,Grand Slam,Outdoor,Hard,1st Round,5,Fearnley J.,Kyrgios N.,92,,632,,7.0,6.0,6.0,3.0,7.0,6.0,,,,,3.0,0.0,Completed,2.0,1.8,2.09,1.83,2.14,1.86,2.01,1.79
5,Melbourne,Australian Open,2025-01-13,Grand Slam,Outdoor,Hard,1st Round,5,Bonzi B.,Goffin D.,64,54.0,819,1029.0,6.0,1.0,6.0,2.0,7.0,6.0,,,,,3.0,0.0,Completed,1.5,2.63,1.65,2.4,1.65,2.63,1.53,2.49
5,Melbourne,Australian Open,2025-01-13,Grand Slam,Outdoor,Hard,1st Round,5,Passaro F.,Dimitrov G.,104,10.0,571,3200.0,7.0,5.0,2.0,1.0,,,,,,,1.0,0.0,Retired,11.0,1.05,11.77,1.07,11.86,1.07,10.21,1.05
5,Melbourne,Australian Open,2025-01-13,Grand Slam,Outdoor,Hard,1st Round,5,Paul T.,O Connell C.,11,70.0,3195,770.0,6.0,2.0,3.0,6.0,6.0,1.0,6.0,7.0,7.0,5.0,3.0,2.0,Completed,1.17,5.0,1.18,5.64,1.18,5.64,1.17,5.04
5,Melbourne,Australian Open,2025-01-14,Grand Slam,Outdoor,Hard,1st Round,5,Berrettini M.,Norrie C.,34,52.0,1380,1082.0,6.0,7.0,6.0,4.0,6.0,1.0,6.0,3.0,,,3.0,1.0,Completed,1.36,3.2,1.42,3.11,1.45,3.2,1.39,2.97
5,Melbourne,Australian Open,2025-01-14,Grand Slam,Outdoor,Hard,1st Round,5,Kecmanovic M.,Lajovic D.,51,80.0,1096,717.0,7.0,5.0,3.0,6.0,6.0,3.0,3.0,6.0,6.0,3.0,3.0,2.0,Completed,1.17,5.0,1.25,4.48,1.25,5.05,1.21,4.45
5,Melbourne,Australian Open,2025-01-14,Grand Slam,Outdoor,Hard,1st Round,5,Khachanov K.,Mannarino A.,19,75.0,2410,751.0,7.0,6.0,6.0,3.0,6.0,3.0,,,,,3.0,0.0,Completed,1.1,7.0,1.14,6.81,1.14,7.03,1.11,6.44
5,Melbourne,Australian Open,2025-01-14,Grand Slam,Outdoor,Hard,1st Round,5,Diallo G.,Nardi L.,86,83.0,646,675.0,6.0,7.0,7.0,6.0,5.0,7.0,6.0,1.0,6.0,2.0,3.0,2.0,Completed,1.44,2.75,1.47,2.92,1.5,2.92,1.45,2.75
5,Melbourne,Australian Open,2025-01-14,Grand Slam,Outdoor,Hard,1st Round,5,Rune H.,Zhang Zh.,13,49.0,2910,1140.0,4.0,6.0,6.0,3.0,6.0,4.0,3.0,6.0,6.0,4.0,3.0,2.0,Completed,1.3,3.5,1.33,3.68,1.36,3.68,1.31,3.46
5,Melbourne,Australian Open,2025-01-14,Grand Slam,Outdoor,Hard,1st Round,5,Fritz T.,Brooksby J.,4,,5350,,6.0,2.0,6.0,0.0,6.0,3.0,,,,,3.0,0.0,Completed,1.03,17.0,1.05,14.34,1.05,17.0,1.03,12.99
5,Melbourne,Australian Open,2025-01-14,Grand Slam,Outdoor,Hard,1st Round,5,Garin C.,Coric B.,150,87.0,382,639.0,7.0,5.0,6.0,1.0,6.0,2.0,,,,,3.0,0.0,Completed,2.1,1.73,2.01,1.89,2.1,1.9,2.0,1.81
5,Melbourne,Australian Open,2025-01-14,Grand Slam,Outdoor,Hard,1st Round,5,Tien L.,Ugo Carabelli C.,121,94.0,493,624.0,4.0,6.0,7.0,6.0,6.0,3.0,5.0,7.0,6.0,4.0,3.0,2.0,Completed,1.14,5.5,1.19,5.49,1.19,6.12,1.15,5.36
5,Melbourne,Australian Open,2025-01-14,Grand Slam,Outdoor,Hard,1st Round,5,Cerundolo F.,Bublik A.,31,37.0,1620,1330.0,7.0,6.0,6.0,3.0,6.0,2.0,,,,,3.0,0.0,Completed,1.57,2.38,1.63,2.44,1.63,2.45,1.59,2.37
5,Melbourne,Australian Open,2025-01-14,Grand Slam,Outdoor,Hard,1st Round,5,Monfils G.,Mpetshi G.,41,30.0,1280,1651.0,7.0,6.0,6.0,3.0,6.0,7.0,6.0,7.0,6.0,4.0,3.0,2.0,Completed,2.3,1.62,2.13,1.81,2.3,1.81,2.1,1.74
5,Melbourne,Australian Open,2025-01-14,Grand Slam,Outdoor,Hard,1st Round,5,Hurkacz H.,Griekspoor T.,17,40.0,2555,1280.0,7.0,5.0,6.0,4.0,6.0,4.0,,,,,3.0,0.0,Completed,1.36,3.2,1.4,3.2,1.42,3.25,1.37,3.13
5,Melbourne,Australian Open,2025-01-14,Grand Slam,Outdoor,Hard,1st Round,5,Diaz Acosta F.,Bergs Z.,73,60.0,758,948.0,6.0,7.0,6.0,4.0,1.0,6.0,6.0,3.0,6.0,4.0,3.0,2.0,Completed,2.75,1.44,2.86,1.48,2.86,1.5,2.73,1.46
5,Melbourne,Australian Open,2025-01-14,Grand Slam,Outdoor,Hard,1st Round,5,Medvedev D.,Samrej K.,5,418.0,5030,109.0,6.0,2.0,4.0,6.0,3.0,6.0,6.0,1.0,6.0,2.0,3.0,2.0,Completed,1.0,51.0,1.01,42.16,1.01,51.0,1.01,23.91
5,Melbourne,Australian Open,2025-01-14,Grand Slam,Outdoor,Hard,1st Round,5,Altmaier D.,Comesana F.,101,85.0,582,662.0,6.0,2.0,3.0,6.0,7.0,6.0,4.0,6.0,6.0,4.0,3.0,2.0,Completed,1.8,2.0,1.93,2.0,1.93,2.01,1.83,1.98
5,Melbourne,Australian Open,2025-01-14,Grand Slam,Outdoor,Hard,1st Round,5,Musetti L.,Arnaldi M.,15,39.0,2600,1305.0,7.0,6.0,4.0,6.0,7.0,6.0,6.0,3.0,,,3.0,1.0,Completed,1.57,2.38,1.6,2.5,1.6,2.5,1.57,2.39
5,Melbourne,Australian Open,2025-01-14,Grand Slam,Outdoor,Hard,1st Round,5,Shelton B.,Nakashima B.,20,35.0,2280,1355.0,7.0,6.0,7.0,5.0,7.0,5.0,,,,,3.0,0.0,Completed,1.44,2.75,1.51,2.75,1.53,2.75,1.48,2.67
5,Melbourne,Australian Open,2025-01-14,Grand Slam,Outdoor,Hard,1st Round,5,Sonego L.,Wawrinka S.,55,156.0,1026,371.0,6.0,4.0,5.0,7.0,7.0,5.0,7.0,5.0,,,3.0,1.0,Completed,1.4,3.0,1.48,2.88,1.49,3.0,1.42,2.87
5,Melbourne,Australian Open,2025-01-14,Grand Slam,Outdoor,Hard,1st Round,5,Boyer T.,Coria F.,136,96.0,448,617.0,6.0,3.0,6.0,7.0,4.0,6.0,7.0,5.0,6.0,1.0,3.0,2.0,Completed,1.14,5.5,1.17,5.93,1.17,6.22,1.15,5.56
5,Melbourne,Australian Open,2025-01-14,Grand Slam,Outdoor,Hard,1st Round,5,Krueger M.,Hijikata R.,146,72.0,396,759.0,6.0,4.0,6.0,4.0,6.0,3.0,,,,,3.0,0.0,Completed,3.0,1.4,2.99,1.45,3.1,1.54,2.94,1.41
5,Melbourne,Australian Open,2025-01-14,Grand Slam,Outdoor,Hard,1st Round,5,Etcheverry T.,Cobolli F.,38,32.0,1315,1512.0,6.0,7.0,6.0,3.0,7.0,5.0,6.0,1.0,,,3.0,1.0,Completed,1.57,2.38,1.62,2.46,1.63,2.52,1.57,2.41
5,Melbourne,Australian Open,2025-01-14,Grand Slam,Outdoor,Hard,1st Round,5,Giron M.,Hanfmann Y.,46,95.0,1175,618.0,2.0,6.0,7.0,5.0,6.0,1.0,7.0,5.0,,,3.0,1.0,Completed,1.25,4.0,1.28,4.13,1.28,4.13,1.25,3.98
5,Melbourne,Australian Open,2025-01-14,Grand Slam,Outdoor,Hard,1st Round,5,Shapovalov D.,Bautista Agut R.,56,53.0,1006,1067.0,3.0,6.0,6.0,4.0,6.0,4.0,7.0,6.0,,,3.0,1.0,Completed,1.36,3.2,1.37,3.41,1.38,3.41,1.35,3.17
5,Melbourne,Australian Open,2025-01-14,Grand Slam,Outdoor,Hard,1st Round,5,Moutet C.,Popyrin A.,69,24.0,772,1840.0,4.0,6.0,6.0,3.0,6.0,4.0,6.0,4.0,,,3.0,1.0,Completed,4.33,1.22,4.67,1.24,4.67,1.28,4.21,1.23
5,Melbourne,Australian Open,2025-01-14,Grand Slam,Outdoor,Hard,1st Round,5,De Minaur A.,Van De Zandschulp B.,8,84.0,3535,672.0,6.0,1.0,7.0,5.0,6.0,4.0,,,,,3.0,0.0,Completed,1.06,10.0,1.08,10.59,1.08,10.59,1.07,8.89
5,Melbourne,Australian Open,2025-01-14,Grand Slam,Outdoor,Hard,1st Round,5,Carreno Busta P.,Majchrzak K.,182,122.0,317,491.0,6.0,4.0,6.0,4.0,6.0,3.0,,,,,3.0,0.0,Completed,1.62,2.3,1.77,2.18,1.77,2.34,1.68,2.19
5,Melbourne,Australian Open,2025-01-14,Grand Slam,Outdoor,Hard,1st Round,5,Fonseca J.,Rublev A.,112,9.0,520,3520.0,7.0,6.0,6.0,3.0,7.0,6.0,,,,,3.0,0.0,Completed,2.3,1.62,2.48,1.61,2.48,1.66,2.3,1.62
5,Melbourne,Australian Open,2025-01-15,Grand Slam,Outdoor,Hard,2nd Round,5,Machac T.,Opelka R.,25,170.0,1805,341.0,3.0,6.0,7.0,6.0,6.0,7.0,7.0,6.0,6.0,4.0,3.0,2.0,Completed,1.33,3.4,1.35,3.5,1.38,3.5,1.35,3.23
5,Melbourne,Australian Open,2025-01-15,Grand Slam,Outdoor,Hard,2nd Round,5,Lehecka J.,Gaston H.,29,81.0,1660,703.0,6.0,3.0,3.0,1.0,,,,,,,1.0,0.0,Retired,1.05,11.0,1.09,9.71,1.09,11.4,1.06,9.38
5,Melbourne,Australian Open,2025-01-15,Grand Slam,Outdoor,Hard,2nd Round,5,Alcaraz C.,Nishioka Y.,3,65.0,7010,807.0,6.0,0.0,6.0,1.0,6.0,4.0,,,,,3.0,0.0,Completed,1.02,19.0,1.02,29.55,1.02,29.55,1.02,15.68
5,Melbourne,Australian Open,2025-01-15,Grand Slam,Outdoor,Hard,2nd Round,5,Bonzi B.,Passaro F.,64,104.0,819,571.0,6.0,2.0,6.0,4.0,3.0,6.0,6.0,4.0,,,3.0,1.0,Completed,1.25,4.0,1.28,4.1,1.32,4.1,1.29,3.69
5,Melbourne,Australian Open,2025-01-15,Grand Slam,Outdoor,Hard,2nd Round,5,Borges N.,Thompson J.,33,27.0,1445,1695.0,6.0,3.0,6.0,2.0,6.0,4.0,,,,,3.0,0.0,Completed,1.91,1.91,1.95,1.95,1.95,2.04,1.88,1.93
5,Melbourne,Australian Open,2025-01-15,Grand Slam,Outdoor,Hard,2nd Round,5,Carballes Baena R.,Duckworth J.,57,89.0,981,637.0,6.0,4.0,6.0,2.0,7.0,5.0,,,,,3.0,0.0,Completed,1.57,2.38,1.63,2.45,1.63,2.45,1.61,2.32
5,Melbourne,Australian Open,2025-01-15,Grand Slam,Outdoor,Hard,2nd Round,5,Djokovic N.,Faria J.,7,125.0,3900,481.0,6.0,1.0,6.0,7.0,6.0,3.0,6.0,2.0,,,3.0,1.0,Completed,1.01,23.0,1.02,29.32,1.03,29.32,1.02,16.15
5,Melbourne,Australian Open,2025-01-15,Grand Slam,Outdoor,Hard,2nd Round,5,Fils A.,Halys Q.,21,74.0,2280,756.0,6.0,2.0,4.0,6.0,7.0,6.0,7.0,5.0,,,3.0,1.0,Completed,1.22,4.33,1.25,4.51,1.25,4.51,1.23,4.15
5,Melbourne,Australian Open,2025-01-15,Grand Slam,Outdoor,Hard,2nd Round,5,Vukic A.,Korda S.,68,22.0,778,2065.0,6.0,4.0,3.0,6.0,2.0,6.0,6.0,3.0,7.0,5.0,3.0,2.0,Completed,4.33,1.22,4.15,1.28,4.33,1.28,4.03,1.24
5,Melbourne,Australian Open,2025-01-15,Grand Slam,Outdoor,Hard,2nd Round,5,Fearnley J.,Cazaux A.,92,78.0,632,732.0,3.0,6.0,7.0,5.0,6.0,2.0,6.0,3.0,,,3.0,1.0,Completed,1.62,2.3,1.65,2.4,1.68,2.4,1.64,2.26
5,Melbourne,Australian Open,2025-01-15,Grand Slam,Outdoor,Hard,2nd Round,5,Mensik J.,Ruud C.,48,6.0,1162,4210.0,6.0,2.0,3.0,6.0,6.0,1.0,6.0,4.0,,,3.0,1.0,Completed,2.1,1.73,2.17,1.78,2.23,1.78,2.1,1.74
5,Melbourne,Australian Open,2025-01-15,Grand Slam,Outdoor,Hard,2nd Round,5,Draper J.,Kokkinakis T.,18,71.0,2530,766.0,6.0,7.0,6.0,3.0,3.0,6.0,7.0,5.0,6.0,3.0,3.0,2.0,Completed,1.44,2.75,1.47,2.92,1.56,2.92,1.44,2.77
5,Melbourne,Australian Open,2025-01-15,Grand Slam,Outdoor,Hard,2nd Round,5,Davidovich Fokina A.,Auger-Aliassime F.,66,23.0,790,1905.0,6.0,7.0,6.0,7.0,6.0,4.0,6.0,1.0,6.0,3.0,3.0,2.0,Completed,3.75,1.29,3.84,1.31,3.84,1.33,3.57,1.3
5,Melbourne,Australian Open,2025-01-15,Grand Slam,Outdoor,Hard,2nd Round,5,Humbert U.,Habib H.,14,219.0,2765,264.0,6.0,3.0,6.0,4.0,6.0,4.0,,,,,3.0,0.0,Completed,1.08,8.0,1.13,7.35,1.13,8.0,1.1,6.99
5,Melbourne,Australian Open,2025-01-15,Grand Slam,Outdoor,Hard,2nd Round,5,Zverev A.,Martinez P.,2,44.0,7635,1220.0,6.0,1.0,6.0,4.0,6.0,1.0,,,,,3.0,0.0,Completed,1.02,21.0,1.02,28.08,1.02,28.08,1.01,16.29
5,Melbourne,Australian Open,2025-01-15,Grand Slam,Outdoor,Hard,2nd Round,5,Paul T.,Nishikori K.,11,76.0,3195,743.0,6.0,7.0,6.0,0.0,6.0,3.0,6.0,1.0,,,3.0,1.0,Completed,1.4,3.0,1.45,2.97,1.47,3.0,1.41,2.88
5,Melbourne,Australian Open,2025-01-16,Grand Slam,Outdoor,Hard,2nd Round,5,Kecmanovic M.,Hurkacz H.,51,17.0,1096,2555.0,6.0,4.0,6.0,4.0,6.0,2.0,,,,,3.0,0.0,Completed,3.75,1.29,3.52,1.35,3.75,1.35,3.47,1.31
5,Melbourne,Australian Open,2025-01-16,Grand Slam,Outdoor,Hard,2nd Round,5,Khachanov K.,Diallo G.,19,86.0,2410,646.0,7.0,6.0,4.0,6.0,6.0,3.0,6.0,3.0,,,3.0,1.0,Completed,1.33,3.4,1.31,3.85,1.33,3.85,1.32,3.41
5,Melbourne,Australian Open,2025-01-16,Grand Slam,Outdoor,Hard,2nd Round,5,Monfils G.,Altmaier D.,41,101.0,1280,582.0,7.0,5.0,6.0,3.0,7.0,6.0,,,,,3.0,0.0,Completed,1.2,4.5,1.24,4.46,1.26,4.54,1.22,4.38
5,Melbourne,Australian Open,2025-01-16,Grand Slam,Outdoor,Hard,2nd Round,5,Musetti L.,Shapovalov D.,15,56.0,2600,1006.0,7.0,6.0,7.0,6.0,6.0,2.0,,,,,3.0,0.0,Completed,2.1,1.73,2.08,1.84,2.1,1.87,2.01,1.81
5,Melbourne,Australian Open,2025-01-16,Grand Slam,Outdoor,Hard,2nd Round,5,Cerundolo F.,Diaz Acosta F.,31,73.0,1620,758.0,6.0,2.0,1.0,0.0,,,,,,,1.0,0.0,Retired,1.4,3.0,1.36,3.48,1.42,3.48,1.39,3.0
5,Melbourne,Australian Open,2025-01-16,Grand Slam,Outdoor,Hard,2nd Round,5,Shelton B.,Carreno Busta P.,20,182.0,2280,317.0,6.0,3.0,6.0,3.0,6.0,7.0,6.0,4.0,,,3.0,1.0,Completed,1.3,3.5,1.32,3.77,1.35,3.77,1.31,3.45
5,Melbourne,Australian Open,2025-01-16,Grand Slam,Outdoor,Hard,2nd Round,5,De Minaur A.,Boyer T.,8,136.0,3535,448.0,6.0,2.0,6.0,4.0,6.0,3.0,,,,,3.0,0.0,Completed,1.03,15.0,1.04,17.5,1.05,17.5,1.03,12.57
5,Melbourne,Australian Open,2025-01-16,Grand Slam,Outdoor,Hard,2nd Round,5,Moutet C.,Krueger M.,69,146.0,772,396.0,4.0,6.0,6.0,4.0,7.0,6.0,6.0,4.0,,,3.0,1.0,Completed,1.5,2.63,1.56,2.61,1.56,2.75,1.5,2.6
5,Melbourne,Australian Open,2025-01-16,Grand Slam,Outdoor,Hard,2nd Round,5,Fritz T.,Garin C.,4,150.0,5350,382.0,6.0,2.0,6.0,1.0,6.0,0.0,,,,,3.0,0.0,Completed,1.04,13.0,1.04,18.2,1.04,18.2,1.03,13.02
5,Melbourne,Australian Open,2025-01-16,Grand Slam,Outdoor,Hard,2nd Round,5,Giron M.,Etcheverry T.,46,38.0,1175,1315.0,7.0,5.0,3.0,6.0,7.0,5.0,3.0,6.0,6.0,4.0,3.0,2.0,Completed,1.91,1.91,2.0,1.91,2.0,1.94,1.92,1.89
5,Melbourne,Australian Open,2025-01-16,Grand Slam,Outdoor,Hard,2nd Round,5,Michelsen A.,Mccabe J.,42,258.0,1270,216.0,7.0,5.0,6.0,3.0,7.0,6.0,,,,,3.0,0.0,Completed,1.11,6.5,1.14,7.05,1.15,7.05,1.12,6.27
5,Melbourne,Australian Open,2025-01-16,Grand Slam,Outdoor,Hard,2nd Round,5,Marozsan F.,Tiafoe F.,59,16.0,960,2560.0,6.0,7.0,6.0,4.0,3.0,6.0,6.0,4.0,6.0,1.0,3.0,2.0,Completed,2.75,1.44,2.56,1.58,2.75,1.58,2.6,1.5
5,Melbourne,Australian Open,2025-01-16,Grand Slam,Outdoor,Hard,2nd Round,5,Sonego L.,Fonseca J.,55,112.0,1026,520.0,6.0,7.0,6.0,3.0,6.0,1.0,3.0,6.0,6.0,3.0,3.0,2.0,Completed,5.0,1.17,4.82,1.22,5.2,1.23,4.72,1.2
5,Melbourne,Australian Open,2025-01-16,Grand Slam,Outdoor,Hard,2nd Round,5,Rune H.,Berrettini M.,13,34.0,2910,1380.0,7.0,6.0,2.0,6.0,6.0,3.0,7.0,6.0,,,3.0,1.0,Completed,2.2,1.67,2.25,1.72,2.25,1.77,2.13,1.71
5,Melbourne,Australian Open,2025-01-16,Grand Slam,Outdoor,Hard,2nd Round,5,Sinner J.,Schoolkate T.,1,173.0,11830,336.0,4.0,6.0,6.0,4.0,6.0,1.0,6.0,3.0,,,3.0,1.0,Completed,1.01,34.0,1.01,51.48,1.02,51.48,1.01,20.26
5,Melbourne,Australian Open,2025-01-16,Grand Slam,Outdoor,Hard,2nd Round,5,Tien L.,Medvedev D.,121,5.0,493,5030.0,6.0,3.0,7.0,6.0,6.0,7.0,1.0,6.0,7.0,6.0,3.0,2.0,Completed,5.0,1.17,6.77,1.14,6.77,1.19,5.36,1.16
5,Melbourne,Australian Open,2025-01-17,Grand Slam,Outdoor,Hard,3rd Round,5,Paul T.,Carballes Baena R.,11,57.0,3195,981.0,7.0,6.0,6.0,2.0,6.0,0.0,,,,,3.0,0.0,Completed,1.13,6.0,1.16,6.23,1.17,6.23,1.14,5.67
5,Melbourne,Australian Open,2025-01-17,Grand Slam,Outdoor,Hard,3rd Round,5,Alcaraz C.,Borges N.,3,33.0,7010,1445.0,6.0,2.0,6.0,4.0,6.0,7.0,6.0,2.0,,,3.0,1.0,Completed,1.03,17.0,1.03,23.4,1.04,23.4,1.03,13.97
5,Melbourne,Australian Open,2025-01-17,Grand Slam,Outdoor,Hard,3rd Round,5,Zverev A.,Fearnley J.,2,92.0,7635,632.0,6.0,3.0,6.0,4.0,6.0,4.0,,,,,3.0,0.0,Completed,1.07,9.0,1.08,10.86,1.08,10.86,1.07,8.72
5,Melbourne,Australian Open,2025-01-17,Grand Slam,Outdoor,Hard,3rd Round,5,Davidovich Fokina A.,Mensik J.,66,48.0,790,1162.0,3.0,6.0,4.0,6.0,7.0,6.0,6.0,4.0,6.0,2.0,3.0,2.0,Completed,2.63,1.5,2.65,1.55,2.72,1.55,2.6,1.5
5,Melbourne,Australian Open,2025-01-17,Grand Slam,Outdoor,Hard,3rd Round,5,Humbert U.,Fils A.,14,21.0,2765,2280.0,4.0,6.0,7.0,5.0,6.0,4.0,1.0,0.0,,,2.0,1.0,Retired,1.57,2.38,1.65,2.39,1.66,2.48,1.58,2.38
5,Melbourne,Australian Open,2025-01-17,Grand Slam,Outdoor,Hard,3rd Round,5,Djokovic N.,Machac T.,7,25.0,3900,1805.0,6.0,1.0,6.0,4.0,6.0,4.0,,,,,3.0,0.0,Completed,1.22,4.33,1.22,4.85,1.28,4.85,1.24,4.03
5,Melbourne,Australian Open,2025-01-17,Grand Slam,Outdoor,Hard,3rd Round,5,Lehecka J.,Bonzi B.,29,64.0,1660,819.0,6.0,2.0,6.0,3.0,6.0,3.0,,,,,3.0,0.0,Completed,1.29,3.75,1.29,4.01,1.3,4.01,1.29,3.65
5,Melbourne,Australian Open,2025-01-17,Grand Slam,Outdoor,Hard,3rd Round,5,Draper J.,Vukic A.,18,68.0,2530,778.0,6.0,4.0,2.0,6.0,5.0,7.0,7.0,6.0,7.0,6.0,3.0,2.0,Completed,1.22,4.33,1.2,5.29,1.24,5.29,1.22,4.36
5,Melbourne,Australian Open,2025-01-18,Grand Slam,Outdoor,Hard,3rd Round,5,Michelsen A.,Khachanov K.,42,19.0,1270,2410.0,6.0,3.0,7.0,6.0,6.0,2.0,,,,,3.0,0.0,Completed,2.5,1.53,2.5,1.6,2.5,1.66,2.37,1.58
5,Melbourne,Australian Open,2025-01-18,Grand Slam,Outdoor,Hard,3rd Round,5,Monfils G.,Fritz T.,41,4.0,1280,5350.0,3.0,6.0,7.0,5.0,7.0,6.0,6.0,4.0,,,3.0,1.0,Completed,7.0,1.1,7.4,1.13,7.4,1.15,6.44,1.12
5,Melbourne,Australian Open,2025-01-18,Grand Slam,Outdoor,Hard,3rd Round,5,De Minaur A.,Cerundolo F.,8,31.0,3535,1620.0,5.0,7.0,7.0,6.0,6.0,3.0,6.0,3.0,,,3.0,1.0,Completed,1.08,8.0,1.11,8.45,1.13,8.45,1.1,7.3
5,Melbourne,Australian Open,2025-01-18,Grand Slam,Outdoor,Hard,3rd Round,5,Sonego L.,Marozsan F.,55,59.0,1026,960.0,6.0,7.0,7.0,6.0,6.0,1.0,6.0,2.0,,,3.0,1.0,Completed,1.8,2.0,1.85,2.07,1.85,2.1,1.79,2.02
5,Melbourne,Australian Open,2025-01-18,Grand Slam,Outdoor,Hard,3rd Round,5,Tien L.,Moutet C.,121,69.0,493,772.0,7.0,6.0,6.0,3.0,6.0,3.0,,,,,3.0,0.0,Completed,1.91,1.91,1.93,1.98,1.93,2.01,1.87,1.93
5,Melbourne,Australian Open,2025-01-18,Grand Slam,Outdoor,Hard,3rd Round,5,Shelton B.,Musetti L.,20,15.0,2280,2600.0,6.0,3.0,3.0,6.0,6.0,4.0,7.0,6.0,,,3.0,1.0,Completed,1.62,2.3,1.63,2.43,1.69,2.43,1.63,2.27
5,Melbourne,Australian Open,2025-01-18,Grand Slam,Outdoor,Hard,3rd Round,5,Sinner J.,Giron M.,1,46.0,11830,1175.0,6.0,3.0,6.0,4.0,6.0,2.0,,,,,3.0,0.0,Completed,1.01,23.0,1.02,32.69,1.03,32.69,1.02,16.82
5,Melbourne,Australian Open,2025-01-18,Grand Slam,Outdoor,Hard,3rd Round,5,Rune H.,Kecmanovic M.,13,51.0,2910,1096.0,6.0,7.0,6.0,3.0,4.0,6.0,6.0,4.0,6.0,4.0,3.0,2.0,Completed,1.44,2.75,1.5,2.78,1.5,2.85,1.46,2.73
5,Melbourne,Australian Open,2025-01-19,Grand Slam,Outdoor,Hard,4th Round,5,Paul T.,Davidovich Fokina A.,11,66.0,3195,790.0,6.0,1.0,6.0,1.0,6.0,1.0,,,,,3.0,0.0,Completed,1.25,4.0,1.25,4.5,1.28,4.5,1.24,3.99
5,Melbourne,Australian Open,2025-01-19,Grand Slam,Outdoor,Hard,4th Round,5,Alcaraz C.,Draper J.,3,18.0,7010,2530.0,7.0,5.0,6.0,1.0,,,,,,,2.0,0.0,Retired,1.08,8.0,1.09,10.06,1.12,10.06,1.08,8.12
5,Melbourne,Australian Open,2025-01-19,Grand Slam,Outdoor,Hard,4th Round,5,Zverev A.,Humbert U.,2,14.0,7635,2765.0,6.0,1.0,2.0,6.0,6.0,3.0,6.0,2.0,,,3.0,1.0,Completed,1.17,5.0,1.17,5.89,1.21,5.89,1.17,4.97
5,Melbourne,Australian Open,2025-01-19,Grand Slam,Outdoor,Hard,4th Round,5,Djokovic N.,Lehecka J.,7,29.0,3900,1660.0,6.0,3.0,6.0,4.0,7.0,6.0,,,,,3.0,0.0,Completed,1.25,4.0,1.23,4.68,1.28,4.68,1.25,3.96
5,Melbourne,Australian Open,2025-01-20,Grand Slam,Outdoor,Hard,4th Round,5,Sinner J.,Rune H.,1,13.0,11830,2910.0,6.0,3.0,3.0,6.0,6.0,3.0,6.0,2.0,,,3.0,1.0,Completed,1.08,8.0,1.07,11.23,1.09,11.23,1.08,8.31
5,Melbourne,Australian Open,2025-01-20,Grand Slam,Outdoor,Hard,4th Round,5,Sonego L.,Tien L.,55,121.0,1026,493.0,6.0,3.0,6.0,2.0,3.0,6.0,6.0,1.0,,,3.0,1.0,Completed,1.67,2.2,1.74,2.22,1.86,2.22,1.74,2.1
5,Melbourne,Australian Open,2025-01-20,Grand Slam,Outdoor,Hard,4th Round,5,Shelton B.,Monfils G.,20,41.0,2280,1280.0,7.0,6.0,6.0,7.0,7.0,6.0,1.0,0.0,,,2.0,1.0,Retired,1.62,2.3,1.6,2.5,1.63,2.5,1.61,2.33
5,Melbourne,Australian Open,2025-01-20,Grand Slam,Outdoor,Hard,4th Round,5,De Minaur A.,Michelsen A.,8,42.0,3535,1270.0,6.0,0.0,7.0,6.0,6.0,3.0,,,,,3.0,0.0,Completed,1.25,4.0,1.28,4.12,1.29,4.12,1.26,3.83
5,Melbourne,Australian Open,2025-01-21,Grand Slam,Outdoor,Hard,Quarterfinals,5,Zverev A.,Paul T.,2,11.0,7635,3195.0,7.0,6.0,7.0,6.0,2.0,6.0,6.0,1.0,,,3.0,1.0,Completed,1.33,3.4,1.36,3.4,1.37,3.48,1.35,3.26
5,Melbourne,Australian Open,2025-01-21,Grand Slam,Outdoor,Hard,Quarterfinals,5,Djokovic N.,Alcaraz C.,7,3.0,3900,7010.0,4.0,6.0,6.0,4.0,6.0,3.0,6.0,4.0,,,3.0,1.0,Completed,2.5,1.53,2.62,1.56,2.7,1.56,2.57,1.52
5,Melbourne,Australian Open,2025-01-22,Grand Slam,Outdoor,Hard,Quarterfinals,5,Shelton B.,Sonego L.,20,55.0,2280,1026.0,6.0,4.0,7.0,5.0,4.0,6.0,7.0,6.0,,,3.0,1.0,Completed,1.36,3.2,1.4,3.22,1.4,3.3,1.37,3.15
5,Melbourne,Australian Open,2025-01-22,Grand Slam,Outdoor,Hard,Quarterfinals,5,Sinner J.,De Minaur A.,1,8.0,11830,3535.0,6.0,3.0,6.0,2.0,6.0,1.0,,,,,3.0,0.0,Completed,1.17,5.0,1.19,5.34,1.19,5.5,1.17,5.1
5,Melbourne,Australian Open,2025-01-24,Grand Slam,Outdoor,Hard,Semifinals,5,Zverev A.,Djokovic N.,2,7.0,7635,3900.0,7.0,6.0,,,,,,,,,1.0,0.0,Retired,2.3,1.62,2.45,1.63,2.45,1.7,2.31,1.63
5,Melbourne,Australian Open,2025-01-24,Grand Slam,Outdoor,Hard,Semifinals,5,Sinner J.,Shelton B.,1,20.0,11830,2280.0,7.0,6.0,6.0,2.0,6.0,2.0,,,,,3.0,0.0,Completed,1.05,11.0,1.09,10.06,1.09,11.0,1.06,9.51
5,Melbourne,Australian Open,2025-01-26,Grand Slam,Outdoor,Hard,The Final,5,Sinner J.,Zverev A.,1,2.0,11830,7635.0,6.0,3.0,7.0,6.0,6.0,3.0,,,,,3.0,0.0,Completed,1.33,3.4,1.34,3.6,1.39,3.4,1.35,3.31
6,Montpellier,Open Sud de France,2025-01-27,ATP250,Indoor,Hard,1st Round,3,Bu Y.,Altmaier D.,71,91.0,787,622.0,7.0,6.0,6.0,3.0,,,,,,,2.0,0.0,Completed,1.57,2.38,1.73,2.22,1.73,2.4,1.62,2.28
6,Montpellier,Open Sud de France,2025-01-27,ATP250,Indoor,Hard,1st Round,3,Cazaux A.,Wawrinka S.,101,154.0,582,361.0,6.0,4.0,6.0,3.0,,,,,,,2.0,0.0,Completed,1.53,2.5,1.56,2.56,1.62,2.6,1.54,2.44
6,Montpellier,Open Sud de France,2025-01-27,ATP250,Indoor,Hard,1st Round,3,Koepfer D.,Barrere G.,118,144.0,515,406.0,6.0,4.0,7.0,6.0,,,,,,,2.0,0.0,Completed,2.1,1.73,2.04,1.85,2.1,1.96,1.97,1.81
6,Montpellier,Open Sud de France,2025-01-28,ATP250,Indoor,Hard,1st Round,3,Eubanks C.,Kachmazov A.,111,199.0,548,299.0,7.0,5.0,6.0,4.0,,,,,,,2.0,0.0,Completed,1.8,2.0,1.85,2.05,1.85,2.12,1.77,2.02
6,Montpellier,Open Sud de France,2025-01-28,ATP250,Indoor,Hard,1st Round,3,Lestienne C.,Coric B.,177,103.0,323,575.0,6.0,3.0,7.0,5.0,,,,,,,2.0,0.0,Completed,2.0,1.8,1.94,1.94,2.0,1.94,1.94,1.84
6,Montpellier,Open Sud de France,2025-01-28,ATP250,Indoor,Hard,1st Round,3,Griekspoor T.,Van De Zandschulp B.,46,84.0,1190,672.0,7.0,5.0,6.0,3.0,,,,,,,2.0,0.0,Completed,1.57,2.38,1.66,2.35,1.66,2.53,1.58,2.35
6,Montpellier,Open Sud de France,2025-01-28,ATP250,Indoor,Hard,1st Round,3,Bellucci M.,Pouille L.,98,104.0,605,575.0,6.0,4.0,6.0,4.0,,,,,,,2.0,0.0,Completed,2.1,1.73,2.04,1.85,2.25,1.85,2.08,1.73
6,Montpellier,Open Sud de France,2025-01-28,ATP250,Indoor,Hard,1st Round,3,Gasquet R.,Mannarino A.,132,108.0,460,561.0,6.0,3.0,6.0,2.0,,,,,,,2.0,0.0,Completed,2.1,1.73,2.09,1.82,2.12,1.82,2.08,1.74
6,Montpellier,Open Sud de France,2025-01-28,ATP250,Indoor,Hard,1st Round,3,Rinderknech A.,Mayot H.,61,130.0,924,472.0,7.0,6.0,2.0,6.0,6.0,1.0,,,,,2.0,1.0,Completed,1.44,2.75,1.45,2.93,1.48,2.93,1.44,2.74
6,Montpellier,Open Sud de France,2025-01-29,ATP250,Indoor,Hard,1st Round,3,Basilashvili N.,Kukushkin M.,178,112.0,323,541.0,6.0,3.0,3.0,6.0,5.0,0.0,,,,,1.0,1.0,Retired,1.57,2.38,1.7,2.27,1.7,2.4,1.6,2.31
6,Montpellier,Open Sud de France,2025-01-29,ATP250,Indoor,Hard,1st Round,3,De Jong J.,Halys Q.,131,74.0,466,756.0,7.0,6.0,2.0,0.0,,,,,,,1.0,0.0,Retired,2.63,1.5,2.59,1.56,2.65,1.56,2.57,1.49
6,Montpellier,Open Sud de France,2025-01-29,ATP250,Indoor,Hard,1st Round,3,Kovacevic A.,Goffin D.,102,56.0,577,994.0,6.0,2.0,3.0,6.0,6.0,4.0,,,,,2.0,1.0,Completed,1.62,2.3,1.65,2.37,1.65,2.38,1.6,2.29
6,Montpellier,Open Sud de France,2025-01-29,ATP250,Indoor,Hard,2nd Round,3,Rublev A.,Eubanks C.,10,111.0,3130,548.0,6.0,4.0,6.0,3.0,,,,,,,2.0,0.0,Completed,1.25,4.0,1.26,4.29,1.26,4.29,1.23,4.01
6,Montpellier,Open Sud de France,2025-01-29,ATP250,Indoor,Hard,2nd Round,3,Bu Y.,Lestienne C.,71,177.0,787,323.0,6.0,2.0,6.0,1.0,,,,,,,2.0,0.0,Completed,1.62,2.3,1.61,2.49,1.67,2.49,1.61,2.28
6,Montpellier,Open Sud de France,2025-01-29,ATP250,Indoor,Hard,2nd Round,3,Auger-Aliassime F.,Cazaux A.,23,101.0,1855,582.0,6.0,4.0,7.0,6.0,,,,,,,2.0,0.0,Completed,1.44,2.75,1.43,3.08,1.46,3.08,1.43,2.79
6,Montpellier,Open Sud de France,2025-01-29,ATP250,Indoor,Hard,2nd Round,3,Bublik A.,Koepfer D.,39,118.0,1330,515.0,6.0,4.0,6.0,2.0,,,,,,,2.0,0.0,Completed,1.67,2.2,1.77,2.18,1.77,2.25,1.69,2.14
6,Montpellier,Open Sud de France,2025-01-30,ATP250,Indoor,Hard,2nd Round,3,De Jong J.,Cobolli F.,131,34.0,466,1392.0,6.0,3.0,7.0,6.0,,,,,,,2.0,0.0,Completed,2.63,1.5,2.59,1.57,2.63,1.57,2.53,1.51
6,Montpellier,Open Sud de France,2025-01-30,ATP250,Indoor,Hard,2nd Round,3,Kovacevic A.,Bellucci M.,102,98.0,577,605.0,7.0,5.0,7.0,6.0,,,,,,,2.0,0.0,Completed,1.8,2.0,1.76,2.19,1.82,2.19,1.77,2.03
6,Montpellier,Open Sud de France,2025-01-30,ATP250,Indoor,Hard,2nd Round,3,Griekspoor T.,Gasquet R.,46,132.0,1190,460.0,6.0,3.0,3.0,6.0,7.0,5.0,,,,,2.0,1.0,Completed,1.36,3.2,1.44,3.04,1.44,3.2,1.38,3.0
6,Montpellier,Open Sud de France,2025-01-30,ATP250,Indoor,Hard,2nd Round,3,Basilashvili N.,Rinderknech A.,178,61.0,323,924.0,6.0,0.0,7.0,6.0,,,,,,,2.0,0.0,Completed,2.3,1.62,2.3,1.69,2.38,1.69,2.27,1.63
6,Montpellier,Open Sud de France,2025-01-31,ATP250,Indoor,Hard,Quarterfinals,3,Auger-Aliassime F.,Bu Y.,23,71.0,1855,787.0,6.0,3.0,6.0,4.0,,,,,,,2.0,0.0,Completed,1.25,4.0,1.26,4.3,1.29,4.3,1.25,3.82
6,Montpellier,Open Sud de France,2025-01-31,ATP250,Indoor,Hard,Quarterfinals,3,De Jong J.,Griekspoor T.,131,46.0,466,1190.0,7.0,6.0,6.0,4.0,,,,,,,2.0,0.0,Completed,2.75,1.44,3.0,1.45,3.0,1.46,2.82,1.42
6,Montpellier,Open Sud de France,2025-01-31,ATP250,Indoor,Hard,Quarterfinals,3,Rublev A.,Basilashvili N.,10,178.0,3130,323.0,5.0,2.0,,,,,,,,,0.0,0.0,Retired,1.2,4.5,1.24,4.53,1.25,4.6,1.21,4.29
6,Montpellier,Open Sud de France,2025-01-31,ATP250,Indoor,Hard,Quarterfinals,3,Kovacevic A.,Bublik A.,102,39.0,577,1330.0,6.0,3.0,6.0,2.0,,,,,,,2.0,0.0,Completed,2.2,1.67,2.27,1.71,2.27,1.73,2.19,1.67
6,Montpellier,Open Sud de France,2025-02-01,ATP250,Indoor,Hard,Semifinals,3,Auger-Aliassime F.,De Jong J.,23,131.0,1855,466.0,6.0,4.0,7.0,6.0,,,,,,,2.0,0.0,Completed,1.17,5.0,1.21,5.13,1.21,5.16,1.18,4.81
6,Montpellier,Open Sud de France,2025-02-01,ATP250,Indoor,Hard,Semifinals,3,Kovacevic A.,Rublev A.,102,10.0,577,3130.0,7.0,5.0,6.0,4.0,,,,,,,2.0,0.0,Completed,4.0,1.25,3.94,1.3,4.0,1.3,3.85,1.26
6,Montpellier,Open Sud de France,2025-02-02,ATP250,Indoor,Hard,The Final,3,Auger-Aliassime F.,Kovacevic A.,23,102.0,1855,577.0,6.0,2.0,6.0,7.0,7.0,6.0,,,,,2.0,1.0,Completed,1.25,4.0,1.29,3.98,1.29,4.0,1.26,3.83
